id_entrada,accion,fecha
1,Apertura,2012-01-31 06:54:04
2,Cierre,2012-01-23 00:43:47
3,Apertura,2017-08-26 02:50:30
4,Cierre,2017-08-21 02:29:25
5,Apertura,2015-12-20 16:05:18
6,Cierre,2015-12-17 00:16:27
7,Apertura,2017-10-27 17:02:28
8,Cierre,2017-10-18 07:34:56
9,Apertura,2019-09-10 15:26:21
10,Cierre,2019-08-29 00:03:15
11,Apertura,2017-07-06 19:52:42
12,Cierre,2017-07-02 15:46:45
13,Apertura,2013-12-24 02:38:44
14,Cierre,2013-12-11 00:19:37
15,Apertura,2020-01-17 15:41:58
16,Cierre,2020-01-11 04:41:41
17,Apertura,2010-06-09 14:38:50
18,Cierre,2010-06-02 05:06:45
19,Apertura,2018-03-09 06:33:55
20,Cierre,2018-02-22 21:33:23
21,Apertura,2017-09-08 15:51:00
22,Cierre,2017-08-25 13:52:13
23,Apertura,2018-10-04 00:57:34
24,Cierre,2018-09-26 20:50:40
25,Apertura,2013-05-25 08:59:44
26,Cierre,2013-05-15 07:21:50
27,Apertura,2020-07-28 22:58:38
28,Cierre,2020-07-21 17:41:52
29,Apertura,2018-01-12 05:36:38
30,Cierre,2018-01-06 22:29:40
31,Apertura,2010-04-07 15:58:53
32,Cierre,2010-03-28 04:27:27
33,Apertura,2013-11-07 11:52:29
34,Cierre,2013-11-02 21:45:14
35,Apertura,2013-10-12 22:35:59
36,Cierre,2013-09-30 22:21:46
37,Apertura,2016-05-30 12:41:18
38,Cierre,2016-05-20 03:26:46
39,Apertura,2015-04-03 17:41:23
40,Cierre,2015-03-30 03:10:35
41,Apertura,2019-06-15 06:54:53
42,Cierre,2019-06-11 00:35:34
43,Apertura,2016-03-06 11:41:39
44,Cierre,2016-02-28 03:15:36
45,Apertura,2012-06-08 02:16:50
46,Cierre,2012-06-01 23:46:13
47,Apertura,2019-04-07 07:38:53
48,Cierre,2019-04-04 04:52:02
49,Apertura,2015-08-24 18:23:12
50,Cierre,2015-08-11 11:40:43
51,Apertura,2012-09-30 02:43:16
52,Cierre,2012-09-21 16:19:30
53,Apertura,2013-03-03 03:28:17
54,Cierre,2013-02-16 17:00:30
55,Apertura,2020-09-14 02:23:01
56,Cierre,2020-09-04 10:06:12
57,Apertura,2013-12-30 16:52:18
58,Cierre,2013-12-24 06:16:08
59,Apertura,2016-02-08 02:06:06
60,Cierre,2016-02-04 20:35:48
61,Apertura,2015-02-26 23:20:58
62,Cierre,2015-02-22 20:57:26
63,Apertura,2013-11-02 04:04:43
64,Cierre,2013-10-28 18:39:37
65,Apertura,2013-11-23 11:24:35
66,Cierre,2013-11-12 08:06:10
67,Apertura,2019-04-07 21:01:36
68,Cierre,2019-03-26 16:24:20
69,Apertura,2014-10-11 13:14:54
70,Cierre,2014-10-07 00:06:01
71,Apertura,2012-09-07 06:49:23
72,Cierre,2012-08-30 14:52:01
73,Apertura,2019-01-08 20:43:10
74,Cierre,2019-01-05 05:58:33
75,Apertura,2019-01-18 23:33:26
76,Cierre,2019-01-08 17:11:14
77,Apertura,2016-08-27 03:40:55
78,Cierre,2016-08-18 11:01:08
79,Apertura,2017-02-17 16:17:03
80,Cierre,2017-02-06 04:26:09
81,Apertura,2013-03-30 00:31:48
82,Cierre,2013-03-22 14:03:33
83,Apertura,2013-06-03 06:51:51
84,Cierre,2013-05-28 04:36:20
85,Apertura,2014-02-04 06:59:03
86,Cierre,2014-01-21 19:00:16
87,Apertura,2013-03-07 03:42:00
88,Cierre,2013-02-24 00:58:46
89,Apertura,2011-04-03 00:13:42
90,Cierre,2011-03-19 08:20:07
91,Apertura,2016-07-18 06:37:45
92,Cierre,2016-07-11 00:12:12
93,Apertura,2019-10-14 08:44:54
94,Cierre,2019-10-01 16:08:08
95,Apertura,2010-04-28 02:11:09
96,Cierre,2010-04-16 01:14:24
97,Apertura,2012-01-19 06:03:18
98,Cierre,2012-01-09 04:34:41
99,Apertura,2019-09-06 03:39:40
100,Cierre,2019-08-28 11:12:00
101,Apertura,2015-12-28 22:37:46
102,Cierre,2015-12-19 14:57:37
103,Apertura,2017-07-06 20:40:40
104,Cierre,2017-07-01 04:40:56
105,Apertura,2010-09-17 06:18:08
106,Cierre,2010-09-08 22:07:44
107,Apertura,2011-05-10 20:16:00
108,Cierre,2011-04-29 19:02:02
109,Apertura,2011-10-13 15:23:09
110,Cierre,2011-09-29 12:20:29
111,Apertura,2013-10-19 18:04:04
112,Cierre,2013-10-16 04:47:09
113,Apertura,2016-03-05 11:54:30
114,Cierre,2016-02-27 01:59:27
115,Apertura,2012-04-11 16:15:00
116,Cierre,2012-04-05 06:58:45
117,Apertura,2015-05-03 00:27:02
118,Cierre,2015-04-29 18:24:41
119,Apertura,2014-06-11 12:53:51
120,Cierre,2014-05-28 11:46:15
121,Apertura,2019-03-11 12:17:20
122,Cierre,2019-03-03 04:14:11
123,Apertura,2011-06-27 21:00:10
124,Cierre,2011-06-17 19:01:16
125,Apertura,2018-12-20 15:58:34
126,Cierre,2018-12-09 06:20:57
127,Apertura,2017-11-09 03:33:16
128,Cierre,2017-10-30 15:59:45
129,Apertura,2014-07-13 01:14:38
130,Cierre,2014-07-05 14:21:38
131,Apertura,2014-03-27 07:30:16
132,Cierre,2014-03-14 15:07:05
133,Apertura,2015-02-16 22:33:14
134,Cierre,2015-02-02 17:53:30
135,Apertura,2011-02-05 03:51:32
136,Cierre,2011-01-22 03:12:51
137,Apertura,2013-11-21 15:14:50
138,Cierre,2013-11-11 11:55:36
139,Apertura,2016-03-13 11:41:10
140,Cierre,2016-03-02 01:03:44
141,Apertura,2020-07-08 09:40:24
142,Cierre,2020-06-26 04:30:06
143,Apertura,2020-01-24 00:42:51
144,Cierre,2020-01-09 21:48:14
145,Apertura,2010-04-12 02:21:46
146,Cierre,2010-04-04 15:24:21
147,Apertura,2018-03-05 20:28:51
148,Cierre,2018-03-01 14:19:31
149,Apertura,2019-02-14 15:40:12
150,Cierre,2019-02-04 07:46:10
151,Apertura,2010-10-05 21:19:35
152,Cierre,2010-09-23 20:03:35
153,Apertura,2014-09-11 11:39:41
154,Cierre,2014-08-27 20:53:02
155,Apertura,2014-07-31 17:54:34
156,Cierre,2014-07-20 09:25:35
157,Apertura,2017-05-12 10:24:37
158,Cierre,2017-05-07 03:25:20
159,Apertura,2017-03-03 19:13:01
160,Cierre,2017-02-25 13:29:20
161,Apertura,2018-12-17 02:14:59
162,Cierre,2018-12-05 10:35:35
163,Apertura,2014-02-27 17:57:53
164,Cierre,2014-02-16 11:27:20
165,Apertura,2017-06-20 10:32:32
166,Cierre,2017-06-15 04:15:58
167,Apertura,2010-12-12 09:57:40
168,Cierre,2010-12-03 21:24:38
169,Apertura,2014-11-10 16:20:01
170,Cierre,2014-11-03 04:31:43
171,Apertura,2012-05-15 05:18:06
172,Cierre,2012-04-30 14:56:28
173,Apertura,2010-03-01 10:57:43
174,Cierre,2010-02-19 23:24:50
175,Apertura,2017-12-28 15:01:45
176,Cierre,2017-12-15 03:46:22
177,Apertura,2010-12-10 10:12:28
178,Cierre,2010-11-29 20:27:07
179,Apertura,2011-07-24 08:23:59
180,Cierre,2011-07-16 00:49:01
181,Apertura,2012-06-03 18:12:24
182,Cierre,2012-05-20 02:22:57
183,Apertura,2019-06-24 20:24:44
184,Cierre,2019-06-13 18:41:26
185,Apertura,2015-05-14 00:39:19
186,Cierre,2015-05-04 21:59:23
187,Apertura,2014-07-06 10:47:44
188,Cierre,2014-06-23 05:21:14
189,Apertura,2018-05-18 16:58:51
190,Cierre,2018-05-08 14:35:34
191,Apertura,2018-01-10 11:42:17
192,Cierre,2018-01-05 23:05:18
193,Apertura,2020-04-13 21:50:07
194,Cierre,2020-04-01 09:08:39
195,Apertura,2020-09-08 02:51:24
196,Cierre,2020-08-26 02:20:07
197,Apertura,2011-10-05 06:17:17
198,Cierre,2011-09-22 20:16:46
199,Apertura,2015-11-26 11:47:18
200,Cierre,2015-11-19 21:54:13
201,Apertura,2012-09-17 22:16:10
202,Cierre,2012-09-11 15:16:44
203,Apertura,2012-07-02 10:07:09
204,Cierre,2012-06-24 23:02:20
205,Apertura,2018-10-08 11:57:07
206,Cierre,2018-09-30 06:59:54
207,Apertura,2017-08-18 03:56:38
208,Cierre,2017-08-03 21:00:40
209,Apertura,2019-11-18 07:10:29
210,Cierre,2019-11-13 17:12:01
211,Apertura,2020-06-17 09:05:51
212,Cierre,2020-06-03 00:37:25
213,Apertura,2013-11-23 05:19:10
214,Cierre,2013-11-19 16:55:12
215,Apertura,2019-05-27 15:02:13
216,Cierre,2019-05-19 07:22:15
217,Apertura,2013-08-29 09:48:20
218,Cierre,2013-08-25 20:10:03
219,Apertura,2019-04-20 23:26:36
220,Cierre,2019-04-15 15:08:21
221,Apertura,2014-03-06 01:50:44
222,Cierre,2014-03-03 00:02:20
223,Apertura,2014-12-19 03:00:09
224,Cierre,2014-12-06 18:52:03
225,Apertura,2011-06-29 07:19:08
226,Cierre,2011-06-16 19:20:46
227,Apertura,2015-06-09 10:29:04
228,Cierre,2015-06-04 00:06:55
229,Apertura,2019-12-21 03:58:06
230,Cierre,2019-12-17 23:16:28
231,Apertura,2018-05-28 18:59:32
232,Cierre,2018-05-22 17:23:02
233,Apertura,2016-04-06 06:42:48
234,Cierre,2016-03-27 17:36:50
235,Apertura,2018-02-08 21:19:23
236,Cierre,2018-02-01 09:05:36
237,Apertura,2010-11-04 09:35:47
238,Cierre,2010-10-23 01:43:45
239,Apertura,2018-04-25 14:12:03
240,Cierre,2018-04-13 00:42:13
241,Apertura,2013-05-12 19:55:11
242,Cierre,2013-05-08 06:07:59
243,Apertura,2018-02-06 23:44:48
244,Cierre,2018-01-23 08:23:14
245,Apertura,2011-12-04 23:45:18
246,Cierre,2011-11-28 13:26:20
247,Apertura,2014-09-01 08:00:18
248,Cierre,2014-08-29 04:47:29
249,Apertura,2011-09-22 22:16:03
250,Cierre,2011-09-08 17:14:32
251,Apertura,2017-06-11 21:48:20
252,Cierre,2017-06-01 08:29:37
253,Apertura,2014-08-24 05:57:47
254,Cierre,2014-08-12 02:56:52
255,Apertura,2011-08-29 06:34:33
256,Cierre,2011-08-14 15:58:33
257,Apertura,2018-08-29 15:46:14
258,Cierre,2018-08-19 14:19:19
259,Apertura,2014-04-26 16:13:03
260,Cierre,2014-04-13 12:56:02
261,Apertura,2016-07-18 21:55:26
262,Cierre,2016-07-07 15:33:41
263,Apertura,2017-08-23 20:38:11
264,Cierre,2017-08-16 09:10:23
265,Apertura,2012-11-27 14:39:38
266,Cierre,2012-11-17 08:57:36
267,Apertura,2012-04-27 08:25:14
268,Cierre,2012-04-21 05:10:58
269,Apertura,2015-06-05 11:45:47
270,Cierre,2015-05-29 22:31:00
271,Apertura,2012-06-27 05:53:51
272,Cierre,2012-06-15 19:13:48
273,Apertura,2011-09-06 04:32:29
274,Cierre,2011-09-01 00:18:48
275,Apertura,2020-02-08 10:44:27
276,Cierre,2020-02-04 20:31:58
277,Apertura,2010-02-12 20:18:02
278,Cierre,2010-01-31 12:52:54
279,Apertura,2012-06-10 03:58:49
280,Cierre,2012-06-01 19:01:50
281,Apertura,2010-06-28 03:33:01
282,Cierre,2010-06-17 00:03:32
283,Apertura,2019-01-15 11:57:45
284,Cierre,2019-01-11 20:23:52
285,Apertura,2017-05-13 03:00:56
286,Cierre,2017-05-03 18:17:16
287,Apertura,2016-09-21 05:11:26
288,Cierre,2016-09-07 17:10:20
289,Apertura,2018-08-27 01:52:54
290,Cierre,2018-08-18 00:24:03
291,Apertura,2012-05-28 07:06:07
292,Cierre,2012-05-25 04:04:30
293,Apertura,2011-10-20 18:44:49
294,Cierre,2011-10-11 09:27:17
295,Apertura,2013-03-18 09:07:58
296,Cierre,2013-03-10 00:56:38
297,Apertura,2014-04-21 07:01:32
298,Cierre,2014-04-16 21:15:06
299,Apertura,2018-06-09 20:41:09
300,Cierre,2018-06-05 06:22:02
301,Apertura,2010-09-06 13:44:50
302,Cierre,2010-08-25 00:28:23
303,Apertura,2014-05-12 07:30:46
304,Cierre,2014-05-07 22:39:22
305,Apertura,2011-01-08 20:02:49
306,Cierre,2010-12-29 17:57:35
307,Apertura,2020-04-24 16:51:24
308,Cierre,2020-04-12 11:23:39
309,Apertura,2014-12-14 19:21:02
310,Cierre,2014-12-07 13:26:52
311,Apertura,2010-12-25 04:30:27
312,Cierre,2010-12-13 15:37:33
313,Apertura,2010-03-01 03:22:06
314,Cierre,2010-02-17 15:41:54
315,Apertura,2017-01-21 13:51:44
316,Cierre,2017-01-13 08:02:29
317,Apertura,2014-04-17 22:46:26
318,Cierre,2014-04-07 11:02:21
319,Apertura,2019-02-09 08:10:59
320,Cierre,2019-02-01 22:33:47
321,Apertura,2013-03-23 07:29:52
322,Cierre,2013-03-20 01:16:54
323,Apertura,2012-06-20 21:47:58
324,Cierre,2012-06-06 10:19:42
325,Apertura,2012-05-08 11:38:02
326,Cierre,2012-04-26 23:14:48
327,Apertura,2016-06-27 06:09:04
328,Cierre,2016-06-14 18:23:03
329,Apertura,2020-04-05 18:18:44
330,Cierre,2020-03-29 14:20:08
331,Apertura,2014-02-13 13:26:36
332,Cierre,2014-01-31 10:05:54
333,Apertura,2016-05-16 06:57:50
334,Cierre,2016-05-06 17:22:34
335,Apertura,2013-04-04 10:41:23
336,Cierre,2013-03-24 01:22:38
337,Apertura,2015-04-30 22:35:50
338,Cierre,2015-04-17 11:27:22
339,Apertura,2018-11-17 09:23:38
340,Cierre,2018-11-07 02:05:50
341,Apertura,2011-10-17 03:32:55
342,Cierre,2011-10-09 02:29:22
343,Apertura,2014-12-28 22:25:13
344,Cierre,2014-12-18 11:53:34
345,Apertura,2012-12-21 20:00:12
346,Cierre,2012-12-16 10:47:41
347,Apertura,2015-03-05 01:31:46
348,Cierre,2015-02-27 16:45:29
349,Apertura,2017-03-15 12:12:35
350,Cierre,2017-03-04 06:04:46
351,Apertura,2011-03-18 00:38:20
352,Cierre,2011-03-07 10:32:36
353,Apertura,2018-04-15 12:16:38
354,Cierre,2018-04-04 06:29:09
355,Apertura,2015-07-18 09:49:54
356,Cierre,2015-07-14 00:07:57
357,Apertura,2019-01-27 05:07:12
358,Cierre,2019-01-19 18:05:49
359,Apertura,2015-05-27 14:58:18
360,Cierre,2015-05-22 08:12:58
361,Apertura,2019-06-11 05:11:22
362,Cierre,2019-05-31 12:59:19
363,Apertura,2020-03-19 19:28:17
364,Cierre,2020-03-09 13:13:42
365,Apertura,2012-01-04 00:36:01
366,Cierre,2011-12-22 11:09:53
367,Apertura,2011-11-08 22:31:41
368,Cierre,2011-11-03 14:19:40
369,Apertura,2016-05-30 06:35:53
370,Cierre,2016-05-22 02:38:32
371,Apertura,2016-10-31 15:43:14
372,Cierre,2016-10-18 03:14:06
373,Apertura,2014-08-28 20:33:23
374,Cierre,2014-08-17 19:30:43
375,Apertura,2012-10-09 03:19:26
376,Cierre,2012-09-29 21:59:27
377,Apertura,2014-12-06 08:40:48
378,Cierre,2014-12-02 06:08:39
379,Apertura,2019-01-25 13:53:32
380,Cierre,2019-01-11 09:58:22
381,Apertura,2020-05-30 06:17:43
382,Cierre,2020-05-24 00:38:01
383,Apertura,2013-05-05 12:58:38
384,Cierre,2013-05-01 22:04:40
385,Apertura,2020-05-07 22:16:55
386,Cierre,2020-04-25 20:39:28
387,Apertura,2014-06-19 13:53:35
388,Cierre,2014-06-16 01:56:36
389,Apertura,2018-06-17 18:48:24
390,Cierre,2018-06-10 02:19:01
391,Apertura,2015-08-30 14:06:10
392,Cierre,2015-08-24 12:07:53
393,Apertura,2020-02-16 18:45:39
394,Cierre,2020-02-09 02:49:03
395,Apertura,2011-07-02 18:58:47
396,Cierre,2011-06-23 13:43:04
397,Apertura,2020-09-06 18:04:59
398,Cierre,2020-08-27 15:42:57
399,Apertura,2019-07-18 03:41:39
400,Cierre,2019-07-06 20:57:18
401,Apertura,2011-09-05 11:11:51
402,Cierre,2011-08-23 06:30:26
403,Apertura,2014-01-11 10:22:14
404,Cierre,2014-01-02 23:39:42
405,Apertura,2011-03-06 12:01:30
406,Cierre,2011-02-21 21:38:23
407,Apertura,2015-12-16 06:11:27
408,Cierre,2015-12-03 03:29:17
409,Apertura,2010-04-23 05:27:10
410,Cierre,2010-04-13 01:07:21
411,Apertura,2011-10-24 07:56:01
412,Cierre,2011-10-16 17:57:22
413,Apertura,2010-04-02 23:46:59
414,Cierre,2010-03-20 14:07:18
415,Apertura,2015-10-27 04:07:38
416,Cierre,2015-10-14 18:01:02
417,Apertura,2012-01-13 01:32:06
418,Cierre,2012-01-09 17:12:40
419,Apertura,2011-01-10 08:49:35
420,Cierre,2010-12-27 21:18:37
421,Apertura,2011-05-02 09:49:12
422,Cierre,2011-04-19 21:54:39
423,Apertura,2012-06-26 06:44:42
424,Cierre,2012-06-13 03:05:22
425,Apertura,2014-06-06 05:14:57
426,Cierre,2014-05-29 00:05:08
427,Apertura,2018-09-15 03:54:37
428,Cierre,2018-09-04 15:29:20
429,Apertura,2013-05-20 18:17:22
430,Cierre,2013-05-13 03:03:23
431,Apertura,2017-08-31 19:26:55
432,Cierre,2017-08-20 15:35:08
433,Apertura,2019-03-13 13:10:26
434,Cierre,2019-03-09 12:51:45
435,Apertura,2018-12-31 23:43:52
436,Cierre,2018-12-19 08:05:28
437,Apertura,2019-06-10 10:05:54
438,Cierre,2019-06-04 22:17:48
439,Apertura,2013-03-06 13:46:33
440,Cierre,2013-02-19 21:47:09
441,Apertura,2013-07-29 19:53:25
442,Cierre,2013-07-26 16:20:34
443,Apertura,2010-11-24 07:40:19
444,Cierre,2010-11-12 06:17:38
445,Apertura,2017-09-06 00:04:34
446,Cierre,2017-08-25 10:06:01
447,Apertura,2015-08-26 11:16:45
448,Cierre,2015-08-22 03:32:31
449,Apertura,2013-03-25 09:56:39
450,Cierre,2013-03-22 06:37:47
451,Apertura,2014-06-18 22:17:05
452,Cierre,2014-06-05 11:37:49
453,Apertura,2012-06-27 16:30:26
454,Cierre,2012-06-18 12:14:24
455,Apertura,2010-11-14 22:27:07
456,Cierre,2010-11-05 09:08:47
457,Apertura,2012-02-03 12:05:26
458,Cierre,2012-01-27 05:38:53
459,Apertura,2013-09-16 20:49:42
460,Cierre,2013-09-08 06:11:31
461,Apertura,2016-03-10 03:27:30
462,Cierre,2016-03-05 17:37:05
463,Apertura,2015-06-14 08:08:40
464,Cierre,2015-06-07 01:26:45
465,Apertura,2020-04-05 21:26:18
466,Cierre,2020-03-27 14:23:04
467,Apertura,2015-11-26 23:04:57
468,Cierre,2015-11-23 12:16:14
469,Apertura,2014-11-08 19:27:34
470,Cierre,2014-10-28 12:49:13
471,Apertura,2014-10-26 23:27:39
472,Cierre,2014-10-23 06:48:47
473,Apertura,2015-01-05 08:13:08
474,Cierre,2015-01-01 21:26:22
475,Apertura,2014-03-07 05:59:48
476,Cierre,2014-02-24 14:16:18
477,Apertura,2020-08-02 10:14:12
478,Cierre,2020-07-26 18:17:59
479,Apertura,2015-11-27 16:44:09
480,Cierre,2015-11-13 14:12:26
481,Apertura,2011-11-12 20:18:18
482,Cierre,2011-11-01 18:57:59
483,Apertura,2017-05-15 15:16:15
484,Cierre,2017-05-11 23:58:38
485,Apertura,2019-01-03 15:19:46
486,Cierre,2018-12-24 08:35:47
487,Apertura,2020-05-08 14:01:53
488,Cierre,2020-05-02 01:56:28
489,Apertura,2013-04-01 14:21:45
490,Cierre,2013-03-28 04:34:00
491,Apertura,2017-01-11 04:17:28
492,Cierre,2017-01-02 17:56:30
493,Apertura,2010-05-17 01:51:48
494,Cierre,2010-05-05 20:34:11
495,Apertura,2020-03-21 13:14:35
496,Cierre,2020-03-15 06:21:35
497,Apertura,2010-10-07 13:08:07
498,Cierre,2010-09-24 11:39:42
499,Apertura,2012-10-02 01:19:57
500,Cierre,2012-09-27 12:15:23
501,Apertura,2019-12-27 22:09:31
502,Cierre,2019-12-22 20:25:56
503,Apertura,2014-02-06 23:41:12
504,Cierre,2014-01-29 23:12:13
505,Apertura,2018-08-26 01:25:16
506,Cierre,2018-08-17 09:21:05
507,Apertura,2016-05-01 09:08:19
508,Cierre,2016-04-24 22:12:52
509,Apertura,2017-05-24 00:44:27
510,Cierre,2017-05-16 13:24:10
511,Apertura,2015-11-04 22:50:32
512,Cierre,2015-10-23 09:51:42
513,Apertura,2014-11-04 05:53:29
514,Cierre,2014-10-25 02:02:31
515,Apertura,2016-02-08 11:02:06
516,Cierre,2016-01-26 06:41:58
517,Apertura,2010-01-19 23:15:19
518,Cierre,2010-01-08 22:42:07
519,Apertura,2014-02-24 07:40:16
520,Cierre,2014-02-19 04:04:53
521,Apertura,2018-12-31 11:26:41
522,Cierre,2018-12-16 20:11:01
523,Apertura,2011-09-11 10:55:33
524,Cierre,2011-08-31 07:38:29
525,Apertura,2013-02-23 16:07:11
526,Cierre,2013-02-10 04:58:46
527,Apertura,2013-07-03 17:49:52
528,Cierre,2013-06-21 13:01:59
529,Apertura,2018-01-19 10:00:52
530,Cierre,2018-01-16 03:47:09
531,Apertura,2012-01-26 12:15:20
532,Cierre,2012-01-16 20:13:04
533,Apertura,2020-02-27 14:59:18
534,Cierre,2020-02-20 23:19:11
535,Apertura,2020-04-15 00:37:39
536,Cierre,2020-04-09 12:02:33
537,Apertura,2020-08-29 20:12:31
538,Cierre,2020-08-19 10:57:02
539,Apertura,2015-09-05 00:17:52
540,Cierre,2015-08-30 12:53:34
541,Apertura,2020-07-13 18:04:59
542,Cierre,2020-07-10 14:51:27
543,Apertura,2012-03-14 13:44:29
544,Cierre,2012-03-03 13:11:39
545,Apertura,2016-09-03 19:33:06
546,Cierre,2016-08-29 16:00:41
547,Apertura,2013-07-27 04:22:53
548,Cierre,2013-07-14 02:17:51
549,Apertura,2010-01-19 13:01:34
550,Cierre,2010-01-05 01:20:29
551,Apertura,2015-10-18 23:49:05
552,Cierre,2015-10-04 21:37:41
553,Apertura,2010-07-30 22:34:42
554,Cierre,2010-07-22 06:07:05
555,Apertura,2011-04-19 11:36:36
556,Cierre,2011-04-05 09:50:39
557,Apertura,2010-05-18 16:55:52
558,Cierre,2010-05-10 13:07:11
559,Apertura,2014-07-18 11:33:35
560,Cierre,2014-07-14 02:03:29
561,Apertura,2018-11-26 22:47:44
562,Cierre,2018-11-22 09:25:22
563,Apertura,2013-05-21 18:08:20
564,Cierre,2013-05-18 06:32:18
565,Apertura,2012-02-23 02:37:09
566,Cierre,2012-02-11 12:35:30
567,Apertura,2015-09-26 20:24:57
568,Cierre,2015-09-19 07:35:50
569,Apertura,2013-09-07 03:03:19
570,Cierre,2013-08-28 19:33:50
571,Apertura,2012-01-16 19:12:04
572,Cierre,2012-01-11 08:30:45
573,Apertura,2018-11-20 06:51:00
574,Cierre,2018-11-09 15:49:46
575,Apertura,2019-05-13 21:39:42
576,Cierre,2019-04-29 16:34:27
577,Apertura,2017-07-08 15:56:46
578,Cierre,2017-06-24 08:34:32
579,Apertura,2011-11-16 02:33:59
580,Cierre,2011-11-12 19:17:17
581,Apertura,2016-07-04 03:36:30
582,Cierre,2016-06-23 18:18:46
583,Apertura,2014-12-15 09:25:15
584,Cierre,2014-11-30 17:17:54
585,Apertura,2011-04-22 21:04:21
586,Cierre,2011-04-18 06:24:21
587,Apertura,2015-03-06 08:00:55
588,Cierre,2015-03-02 17:01:14
589,Apertura,2014-06-22 15:09:49
590,Cierre,2014-06-18 04:32:18
591,Apertura,2018-11-25 18:26:56
592,Cierre,2018-11-19 03:26:00
593,Apertura,2011-08-11 10:18:27
594,Cierre,2011-07-28 07:38:39
595,Apertura,2011-03-15 12:18:55
596,Cierre,2011-03-10 06:01:15
597,Apertura,2017-12-26 02:35:39
598,Cierre,2017-12-21 01:41:21
599,Apertura,2020-06-20 04:13:21
600,Cierre,2020-06-05 15:13:40
601,Apertura,2013-07-04 06:37:51
602,Cierre,2013-06-27 20:19:10
603,Apertura,2010-03-24 00:51:12
604,Cierre,2010-03-10 10:03:39
605,Apertura,2014-05-07 14:07:19
606,Cierre,2014-05-03 02:45:54
607,Apertura,2020-01-20 12:32:17
608,Cierre,2020-01-13 23:13:32
609,Apertura,2012-01-21 15:11:06
610,Cierre,2012-01-13 12:47:13
611,Apertura,2018-12-14 07:01:25
612,Cierre,2018-12-05 23:52:43
613,Apertura,2019-09-04 14:36:56
614,Cierre,2019-08-25 00:08:17
615,Apertura,2014-11-08 01:12:32
616,Cierre,2014-10-29 12:20:06
617,Apertura,2014-03-26 03:06:18
618,Cierre,2014-03-21 21:58:58
619,Apertura,2010-05-03 16:46:21
620,Cierre,2010-04-21 03:02:20
621,Apertura,2016-11-03 22:14:53
622,Cierre,2016-10-27 20:03:34
623,Apertura,2011-11-15 12:57:03
624,Cierre,2011-11-10 12:49:16
625,Apertura,2014-02-18 02:04:24
626,Cierre,2014-02-06 15:39:38
627,Apertura,2011-10-22 12:45:04
628,Cierre,2011-10-09 01:44:14
629,Apertura,2016-08-01 21:02:57
630,Cierre,2016-07-20 14:03:46
631,Apertura,2010-02-04 20:07:53
632,Cierre,2010-01-24 16:04:34
633,Apertura,2015-09-30 11:23:04
634,Cierre,2015-09-21 21:57:09
635,Apertura,2019-12-19 01:24:50
636,Cierre,2019-12-13 20:54:53
637,Apertura,2010-09-24 09:19:02
638,Cierre,2010-09-18 20:13:54
639,Apertura,2017-01-26 19:39:07
640,Cierre,2017-01-12 08:07:59
641,Apertura,2019-03-31 08:51:11
642,Cierre,2019-03-25 22:32:22
643,Apertura,2018-09-22 14:12:53
644,Cierre,2018-09-16 10:03:13
645,Apertura,2016-06-14 19:02:44
646,Cierre,2016-06-11 13:22:28
647,Apertura,2016-02-12 02:12:55
648,Cierre,2016-01-31 14:49:28
649,Apertura,2011-03-01 00:16:31
650,Cierre,2011-02-25 08:10:50
651,Apertura,2016-08-02 11:47:49
652,Cierre,2016-07-27 03:43:00
653,Apertura,2015-07-05 16:05:11
654,Cierre,2015-06-27 13:18:02
655,Apertura,2011-09-15 23:22:18
656,Cierre,2011-09-07 21:23:26
657,Apertura,2018-12-09 06:00:08
658,Cierre,2018-11-30 22:50:31
659,Apertura,2010-03-09 02:11:05
660,Cierre,2010-02-23 22:06:50
661,Apertura,2019-04-22 05:40:34
662,Cierre,2019-04-09 18:53:58
663,Apertura,2018-11-01 17:42:25
664,Cierre,2018-10-20 12:38:36
665,Apertura,2011-12-15 04:53:30
666,Cierre,2011-12-08 03:42:36
667,Apertura,2012-01-21 06:24:21
668,Cierre,2012-01-15 02:56:01
669,Apertura,2010-04-17 12:34:49
670,Cierre,2010-04-12 05:14:46
671,Apertura,2017-05-18 15:32:44
672,Cierre,2017-05-09 04:35:17
673,Apertura,2020-06-26 22:35:59
674,Cierre,2020-06-20 06:16:40
675,Apertura,2018-05-22 09:07:01
676,Cierre,2018-05-15 16:27:18
677,Apertura,2013-06-23 23:08:02
678,Cierre,2013-06-12 10:16:45
679,Apertura,2013-04-06 07:27:40
680,Cierre,2013-03-29 16:23:20
681,Apertura,2011-11-23 14:35:00
682,Cierre,2011-11-14 07:08:12
683,Apertura,2011-07-30 20:12:03
684,Cierre,2011-07-26 06:38:35
685,Apertura,2014-10-25 11:40:18
686,Cierre,2014-10-11 19:47:33
687,Apertura,2013-08-30 06:06:06
688,Cierre,2013-08-26 20:16:59
689,Apertura,2011-11-30 11:53:57
690,Cierre,2011-11-25 08:04:44
691,Apertura,2011-12-08 16:51:29
692,Cierre,2011-12-04 04:03:51
693,Apertura,2017-09-26 13:24:40
694,Cierre,2017-09-17 03:49:20
695,Apertura,2017-11-03 08:41:01
696,Cierre,2017-10-22 06:03:31
697,Apertura,2016-10-30 11:17:21
698,Cierre,2016-10-24 23:55:14
699,Apertura,2020-07-17 04:25:18
700,Cierre,2020-07-05 17:55:34
701,Apertura,2010-08-23 19:53:44
702,Cierre,2010-08-13 19:22:31
703,Apertura,2016-05-27 10:24:47
704,Cierre,2016-05-22 10:14:45
705,Apertura,2017-03-27 14:24:30
706,Cierre,2017-03-22 12:05:57
707,Apertura,2017-09-05 04:21:09
708,Cierre,2017-08-21 21:15:38
709,Apertura,2019-11-16 14:45:12
710,Cierre,2019-11-09 10:35:22
711,Apertura,2013-11-18 18:00:21
712,Cierre,2013-11-04 08:52:15
713,Apertura,2015-08-29 10:31:27
714,Cierre,2015-08-20 02:45:50
715,Apertura,2019-04-19 01:41:19
716,Cierre,2019-04-10 20:01:37
717,Apertura,2011-05-23 15:43:38
718,Cierre,2011-05-14 08:41:02
719,Apertura,2015-04-30 13:24:21
720,Cierre,2015-04-16 00:15:33
721,Apertura,2017-10-30 11:16:13
722,Cierre,2017-10-20 01:16:35
723,Apertura,2010-10-22 16:06:43
724,Cierre,2010-10-14 10:10:33
725,Apertura,2010-08-14 07:18:36
726,Cierre,2010-08-08 22:59:48
727,Apertura,2015-07-04 06:23:52
728,Cierre,2015-06-29 00:09:31
729,Apertura,2011-08-31 21:51:28
730,Cierre,2011-08-28 07:26:29
731,Apertura,2011-06-28 18:23:17
732,Cierre,2011-06-25 09:42:00
733,Apertura,2010-07-24 08:31:30
734,Cierre,2010-07-20 19:56:31
735,Apertura,2020-03-19 17:13:28
736,Cierre,2020-03-15 15:18:14
737,Apertura,2017-09-11 16:43:59
738,Cierre,2017-08-30 05:01:41
739,Apertura,2010-10-09 23:48:50
740,Cierre,2010-09-26 08:35:20
741,Apertura,2010-12-14 02:00:38
742,Cierre,2010-12-05 13:56:56
743,Apertura,2017-09-01 04:46:59
744,Cierre,2017-08-28 16:02:09
745,Apertura,2014-06-11 18:27:27
746,Cierre,2014-06-02 10:06:53
747,Apertura,2010-03-21 02:39:53
748,Cierre,2010-03-06 13:03:18
749,Apertura,2019-09-29 04:35:45
750,Cierre,2019-09-15 19:38:33
751,Apertura,2020-04-11 16:09:01
752,Cierre,2020-03-30 11:40:44
753,Apertura,2010-06-25 17:23:59
754,Cierre,2010-06-19 08:27:08
755,Apertura,2015-05-18 16:30:42
756,Cierre,2015-05-15 15:08:08
757,Apertura,2014-08-06 11:52:32
758,Cierre,2014-08-01 09:32:58
759,Apertura,2010-06-05 07:29:39
760,Cierre,2010-05-28 18:20:46
761,Apertura,2016-10-12 02:57:18
762,Cierre,2016-09-30 01:01:52
763,Apertura,2012-06-01 19:14:56
764,Cierre,2012-05-22 04:16:25
765,Apertura,2015-10-07 13:27:22
766,Cierre,2015-10-01 03:49:45
767,Apertura,2010-07-29 09:16:51
768,Cierre,2010-07-25 05:17:24
769,Apertura,2014-12-17 21:55:37
770,Cierre,2014-12-05 12:18:39
771,Apertura,2017-02-18 04:08:18
772,Cierre,2017-02-14 20:26:14
773,Apertura,2020-01-16 10:04:02
774,Cierre,2020-01-02 03:18:44
775,Apertura,2012-01-10 14:10:21
776,Cierre,2012-01-05 12:05:00
777,Apertura,2013-04-26 10:43:41
778,Cierre,2013-04-22 05:54:13
779,Apertura,2010-10-05 14:24:39
780,Cierre,2010-09-27 07:42:11
781,Apertura,2012-05-18 18:02:23
782,Cierre,2012-05-05 09:45:09
783,Apertura,2019-04-09 16:29:11
784,Cierre,2019-03-31 05:57:03
785,Apertura,2014-02-02 07:56:02
786,Cierre,2014-01-20 03:46:55
787,Apertura,2018-12-05 07:15:12
788,Cierre,2018-11-22 02:18:39
789,Apertura,2016-03-09 08:22:18
790,Cierre,2016-03-02 21:58:56
791,Apertura,2016-04-13 21:00:51
792,Cierre,2016-04-05 08:51:32
793,Apertura,2018-09-12 10:37:39
794,Cierre,2018-08-31 21:45:31
795,Apertura,2015-04-16 11:14:12
796,Cierre,2015-04-13 08:49:44
797,Apertura,2017-01-17 02:05:18
798,Cierre,2017-01-04 11:12:38
799,Apertura,2017-07-05 01:16:12
800,Cierre,2017-06-22 16:13:35
801,Apertura,2015-07-01 00:30:31
802,Cierre,2015-06-22 11:30:07
803,Apertura,2020-01-26 22:59:10
804,Cierre,2020-01-15 17:24:57
805,Apertura,2018-07-25 13:07:35
806,Cierre,2018-07-11 07:23:10
807,Apertura,2013-03-24 17:26:30
808,Cierre,2013-03-19 15:08:24
809,Apertura,2010-07-06 18:46:25
810,Cierre,2010-06-30 07:15:56
811,Apertura,2018-09-20 07:29:24
812,Cierre,2018-09-08 07:07:14
813,Apertura,2019-03-11 04:01:46
814,Cierre,2019-03-01 23:38:16
815,Apertura,2016-03-26 06:19:30
816,Cierre,2016-03-19 23:56:55
817,Apertura,2013-06-06 00:43:59
818,Cierre,2013-05-22 18:13:39
819,Apertura,2018-06-29 11:04:23
820,Cierre,2018-06-24 10:25:33
821,Apertura,2012-03-06 18:29:22
822,Cierre,2012-03-03 06:52:38
823,Apertura,2018-05-31 01:10:57
824,Cierre,2018-05-26 09:09:52
825,Apertura,2017-06-23 18:37:22
826,Cierre,2017-06-20 02:06:40
827,Apertura,2013-11-13 22:12:18
828,Cierre,2013-11-04 14:44:35
829,Apertura,2018-12-05 02:11:20
830,Cierre,2018-11-22 19:54:10
831,Apertura,2019-02-02 22:29:22
832,Cierre,2019-01-24 11:30:16
833,Apertura,2012-03-11 04:43:27
834,Cierre,2012-03-08 04:05:06
835,Apertura,2018-05-23 22:17:42
836,Cierre,2018-05-14 11:37:29
837,Apertura,2013-09-06 06:10:50
838,Cierre,2013-08-25 16:09:46
839,Apertura,2011-04-07 14:53:32
840,Cierre,2011-03-31 14:40:26
841,Apertura,2019-09-05 04:16:36
842,Cierre,2019-09-01 15:59:46
843,Apertura,2017-09-02 01:36:38
844,Cierre,2017-08-18 18:27:38
845,Apertura,2011-04-01 19:47:43
846,Cierre,2011-03-25 11:46:32
847,Apertura,2012-07-19 10:45:56
848,Cierre,2012-07-07 06:37:18
849,Apertura,2014-06-08 09:11:16
850,Cierre,2014-05-30 22:38:50
851,Apertura,2011-02-22 18:32:34
852,Cierre,2011-02-18 10:38:53
853,Apertura,2010-10-19 05:52:28
854,Cierre,2010-10-08 13:13:34
855,Apertura,2013-05-10 03:47:59
856,Cierre,2013-05-03 19:31:07
857,Apertura,2010-03-02 19:12:36
858,Cierre,2010-02-23 13:23:30
859,Apertura,2019-03-24 12:34:50
860,Cierre,2019-03-16 10:59:59
861,Apertura,2013-03-05 21:14:36
862,Cierre,2013-02-27 14:06:33
863,Apertura,2019-07-08 07:44:51
864,Cierre,2019-07-02 20:22:26
865,Apertura,2018-02-01 07:33:46
866,Cierre,2018-01-19 01:10:43
867,Apertura,2018-12-07 04:25:19
868,Cierre,2018-12-02 18:10:44
869,Apertura,2013-05-29 18:30:28
870,Cierre,2013-05-15 06:47:13
871,Apertura,2017-10-17 12:22:34
872,Cierre,2017-10-09 05:45:56
873,Apertura,2015-11-16 06:55:52
874,Cierre,2015-11-02 01:50:44
875,Apertura,2020-03-26 21:15:14
876,Cierre,2020-03-13 06:40:59
877,Apertura,2013-04-10 02:29:51
878,Cierre,2013-03-28 15:46:20
879,Apertura,2019-03-21 04:44:41
880,Cierre,2019-03-06 23:03:43
881,Apertura,2011-01-13 16:35:44
882,Cierre,2011-01-01 06:44:13
883,Apertura,2010-06-10 20:46:07
884,Cierre,2010-06-01 20:44:14
885,Apertura,2017-10-20 03:01:38
886,Cierre,2017-10-05 15:21:46
887,Apertura,2016-11-17 01:59:05
888,Cierre,2016-11-06 21:16:40
889,Apertura,2012-07-31 18:38:27
890,Cierre,2012-07-27 16:12:21
891,Apertura,2019-08-24 03:56:33
892,Cierre,2019-08-16 13:21:07
893,Apertura,2014-07-29 10:39:49
894,Cierre,2014-07-15 04:41:35
895,Apertura,2018-10-05 20:08:18
896,Cierre,2018-09-26 03:40:10
897,Apertura,2010-02-25 05:13:46
898,Cierre,2010-02-11 05:07:10
899,Apertura,2010-09-21 04:18:09
900,Cierre,2010-09-15 22:40:35
901,Apertura,2013-11-20 20:29:45
902,Cierre,2013-11-15 04:59:28
903,Apertura,2011-03-20 12:44:22
904,Cierre,2011-03-07 06:01:45
905,Apertura,2012-02-20 13:18:35
906,Cierre,2012-02-06 10:45:47
907,Apertura,2014-04-20 00:25:07
908,Cierre,2014-04-07 23:51:01
909,Apertura,2018-04-29 14:54:16
910,Cierre,2018-04-25 23:02:44
911,Apertura,2017-01-27 07:52:20
912,Cierre,2017-01-17 15:19:14
913,Apertura,2015-01-13 02:54:26
914,Cierre,2014-12-30 22:53:45
915,Apertura,2013-11-26 19:34:45
916,Cierre,2013-11-22 19:16:11
917,Apertura,2017-10-24 04:01:31
918,Cierre,2017-10-20 17:10:40
919,Apertura,2018-08-04 07:12:31
920,Cierre,2018-07-24 16:22:16
921,Apertura,2016-04-01 22:22:34
922,Cierre,2016-03-22 10:33:49
923,Apertura,2014-01-19 04:04:17
924,Cierre,2014-01-12 17:51:02
925,Apertura,2013-03-29 09:41:34
926,Cierre,2013-03-16 05:07:13
927,Apertura,2012-12-03 22:22:38
928,Cierre,2012-11-30 15:22:51
929,Apertura,2013-11-30 11:52:32
930,Cierre,2013-11-22 19:56:10
931,Apertura,2018-05-17 12:03:13
932,Cierre,2018-05-10 07:26:44
933,Apertura,2019-10-27 05:28:12
934,Cierre,2019-10-15 02:48:16
935,Apertura,2016-05-05 13:24:58
936,Cierre,2016-04-25 00:57:56
937,Apertura,2017-12-07 05:39:37
938,Cierre,2017-12-02 21:53:43
939,Apertura,2012-05-05 19:29:24
940,Cierre,2012-04-25 16:55:05
941,Apertura,2017-01-14 01:15:43
942,Cierre,2017-01-09 15:34:41
943,Apertura,2014-07-03 13:09:10
944,Cierre,2014-06-24 12:20:44
945,Apertura,2019-03-15 06:15:11
946,Cierre,2019-03-08 20:42:00
947,Apertura,2017-10-13 21:35:02
948,Cierre,2017-10-09 08:30:21
949,Apertura,2014-01-28 13:26:04
950,Cierre,2014-01-15 00:07:33
951,Apertura,2011-01-31 11:30:07
952,Cierre,2011-01-23 22:45:51
953,Apertura,2017-12-13 03:28:49
954,Cierre,2017-12-01 01:18:22
955,Apertura,2011-11-20 11:38:39
956,Cierre,2011-11-10 07:24:18
957,Apertura,2019-03-29 05:38:41
958,Cierre,2019-03-23 17:39:32
959,Apertura,2013-01-20 17:07:37
960,Cierre,2013-01-11 06:50:31
961,Apertura,2018-02-17 03:32:33
962,Cierre,2018-02-04 01:39:36
963,Apertura,2011-12-28 11:48:45
964,Cierre,2011-12-14 00:35:11
965,Apertura,2013-04-03 17:17:42
966,Cierre,2013-03-21 06:11:56
967,Apertura,2016-03-21 14:49:51
968,Cierre,2016-03-09 11:17:10
969,Apertura,2015-03-25 12:30:20
970,Cierre,2015-03-12 04:40:40
971,Apertura,2019-08-09 12:49:02
972,Cierre,2019-07-30 10:13:01
973,Apertura,2018-08-19 05:30:27
974,Cierre,2018-08-07 03:42:20
975,Apertura,2018-02-04 06:22:35
976,Cierre,2018-02-01 03:40:33
977,Apertura,2020-07-16 08:25:06
978,Cierre,2020-07-08 07:29:03
979,Apertura,2017-11-20 04:02:58
980,Cierre,2017-11-08 18:53:28
981,Apertura,2018-05-29 08:35:24
982,Cierre,2018-05-17 15:56:48
983,Apertura,2013-05-16 12:00:58
984,Cierre,2013-05-07 09:42:46
985,Apertura,2015-09-10 22:50:04
986,Cierre,2015-08-30 20:33:33
987,Apertura,2016-10-04 22:21:14
988,Cierre,2016-10-01 12:18:14
989,Apertura,2013-02-03 00:46:38
990,Cierre,2013-01-22 00:00:29
991,Apertura,2015-12-30 06:25:43
992,Cierre,2015-12-18 17:47:51
993,Apertura,2015-05-19 19:26:43
994,Cierre,2015-05-06 08:49:13
995,Apertura,2011-09-20 03:45:25
996,Cierre,2011-09-12 00:41:48
997,Apertura,2014-01-13 11:28:51
998,Cierre,2014-01-09 21:34:34
999,Apertura,2011-06-06 19:07:12
1000,Cierre,2011-05-28 03:31:18
1001,Apertura,2020-05-01 15:01:08
1002,Cierre,2020-04-24 23:49:47
1003,Apertura,2016-05-11 14:46:39
1004,Cierre,2016-04-27 10:56:13
1005,Apertura,2014-11-12 14:56:31
1006,Cierre,2014-10-31 09:13:35
1007,Apertura,2010-07-08 11:36:53
1008,Cierre,2010-06-26 11:24:50
1009,Apertura,2014-01-03 11:12:42
1010,Cierre,2013-12-28 01:44:01
1011,Apertura,2012-05-08 19:04:19
1012,Cierre,2012-05-01 13:59:49
1013,Apertura,2016-12-24 15:41:24
1014,Cierre,2016-12-18 07:09:13
1015,Apertura,2015-10-01 18:26:30
1016,Cierre,2015-09-27 09:11:55
1017,Apertura,2019-06-22 09:12:59
1018,Cierre,2019-06-13 07:14:11
1019,Apertura,2016-06-04 06:15:47
1020,Cierre,2016-05-20 15:35:44
1021,Apertura,2012-10-19 00:37:42
1022,Cierre,2012-10-05 00:28:09
1023,Apertura,2013-09-12 15:06:17
1024,Cierre,2013-09-09 06:34:28
1025,Apertura,2013-12-25 23:55:22
1026,Cierre,2013-12-22 16:53:31
1027,Apertura,2015-06-22 07:44:36
1028,Cierre,2015-06-08 19:43:34
1029,Apertura,2017-09-06 22:15:42
1030,Cierre,2017-09-03 07:23:40
1031,Apertura,2010-03-08 00:32:50
1032,Cierre,2010-02-28 13:06:13
1033,Apertura,2018-06-04 13:49:04
1034,Cierre,2018-05-25 12:19:46
1035,Apertura,2018-03-22 07:23:49
1036,Cierre,2018-03-14 16:07:57
1037,Apertura,2015-04-08 03:03:05
1038,Cierre,2015-03-25 21:36:06
1039,Apertura,2015-10-23 04:22:17
1040,Cierre,2015-10-15 20:09:04
1041,Apertura,2013-11-12 21:31:10
1042,Cierre,2013-10-29 06:43:32
1043,Apertura,2014-11-25 06:28:36
1044,Cierre,2014-11-14 18:40:37
1045,Apertura,2013-10-23 13:49:40
1046,Cierre,2013-10-11 13:10:49
1047,Apertura,2016-10-11 11:06:35
1048,Cierre,2016-10-04 05:01:11
1049,Apertura,2020-02-12 13:36:33
1050,Cierre,2020-02-08 22:56:05
1051,Apertura,2018-07-09 20:21:43
1052,Cierre,2018-07-01 09:09:20
1053,Apertura,2017-10-02 06:59:27
1054,Cierre,2017-09-27 06:29:47
1055,Apertura,2014-11-09 20:15:31
1056,Cierre,2014-10-31 08:05:14
1057,Apertura,2013-07-24 08:48:58
1058,Cierre,2013-07-19 07:02:02
1059,Apertura,2016-12-30 08:52:12
1060,Cierre,2016-12-25 07:48:08
1061,Apertura,2010-02-24 19:38:11
1062,Cierre,2010-02-14 16:54:07
1063,Apertura,2016-11-18 03:38:23
1064,Cierre,2016-11-10 23:06:01
1065,Apertura,2020-05-12 06:47:44
1066,Cierre,2020-05-08 04:21:09
1067,Apertura,2020-01-21 08:34:59
1068,Cierre,2020-01-06 16:47:39
1069,Apertura,2017-08-15 18:04:55
1070,Cierre,2017-08-05 14:04:02
1071,Apertura,2020-01-26 07:30:56
1072,Cierre,2020-01-12 03:13:45
1073,Apertura,2012-10-09 04:07:43
1074,Cierre,2012-10-01 15:44:29
1075,Apertura,2013-03-30 17:13:13
1076,Cierre,2013-03-17 14:10:33
1077,Apertura,2016-10-02 21:46:12
1078,Cierre,2016-09-20 13:13:47
1079,Apertura,2014-12-28 17:19:03
1080,Cierre,2014-12-23 15:46:27
1081,Apertura,2019-06-08 23:21:25
1082,Cierre,2019-06-04 18:54:45
1083,Apertura,2018-08-17 15:53:07
1084,Cierre,2018-08-03 14:07:44
1085,Apertura,2013-03-04 21:09:03
1086,Cierre,2013-02-26 05:28:50
1087,Apertura,2016-04-08 22:24:59
1088,Cierre,2016-03-26 13:52:36
1089,Apertura,2014-03-26 15:07:39
1090,Cierre,2014-03-15 01:31:11
1091,Apertura,2020-08-07 17:42:22
1092,Cierre,2020-08-02 02:00:27
1093,Apertura,2015-07-08 04:13:42
1094,Cierre,2015-06-30 20:00:11
1095,Apertura,2014-11-08 11:31:09
1096,Cierre,2014-10-26 21:39:39
1097,Apertura,2014-06-08 05:43:40
1098,Cierre,2014-05-31 15:30:16
1099,Apertura,2018-04-28 15:38:37
1100,Cierre,2018-04-22 09:08:49
1101,Apertura,2011-06-02 02:27:28
1102,Cierre,2011-05-19 01:24:48
1103,Apertura,2013-01-19 05:58:49
1104,Cierre,2013-01-09 05:13:39
1105,Apertura,2013-04-07 04:49:53
1106,Cierre,2013-03-27 00:31:22
1107,Apertura,2020-02-04 08:18:22
1108,Cierre,2020-01-29 22:15:48
1109,Apertura,2011-06-02 19:32:42
1110,Cierre,2011-05-19 04:05:01
1111,Apertura,2019-11-14 20:40:34
1112,Cierre,2019-11-10 06:26:28
1113,Apertura,2015-11-24 09:13:22
1114,Cierre,2015-11-16 03:58:08
1115,Apertura,2016-10-12 08:52:10
1116,Cierre,2016-09-27 16:20:17
1117,Apertura,2010-07-25 01:42:59
1118,Cierre,2010-07-21 14:36:25
1119,Apertura,2018-04-08 15:00:34
1120,Cierre,2018-03-25 00:29:32
1121,Apertura,2010-12-08 00:53:06
1122,Cierre,2010-11-27 16:40:48
1123,Apertura,2015-01-12 09:31:35
1124,Cierre,2015-01-04 23:17:00
1125,Apertura,2011-03-30 17:27:26
1126,Cierre,2011-03-24 10:06:38
1127,Apertura,2020-04-04 10:38:49
1128,Cierre,2020-03-26 06:18:35
1129,Apertura,2012-12-20 19:26:08
1130,Cierre,2012-12-17 09:26:01
1131,Apertura,2018-02-19 16:53:23
1132,Cierre,2018-02-11 01:13:33
1133,Apertura,2016-09-09 20:47:32
1134,Cierre,2016-09-05 08:28:09
1135,Apertura,2019-04-03 16:09:14
1136,Cierre,2019-03-25 08:30:25
1137,Apertura,2019-04-05 20:01:06
1138,Cierre,2019-03-24 11:35:19
1139,Apertura,2016-07-10 20:17:47
1140,Cierre,2016-06-27 09:37:08
1141,Apertura,2020-04-10 06:33:55
1142,Cierre,2020-03-31 15:08:47
1143,Apertura,2015-01-21 02:08:52
1144,Cierre,2015-01-07 09:44:29
1145,Apertura,2017-11-21 19:00:39
1146,Cierre,2017-11-13 16:53:14
1147,Apertura,2017-08-03 23:28:38
1148,Cierre,2017-07-21 14:29:50
1149,Apertura,2019-09-11 02:53:48
1150,Cierre,2019-08-30 23:45:45
1151,Apertura,2017-05-05 04:05:03
1152,Cierre,2017-04-29 00:40:20
1153,Apertura,2020-08-18 02:03:30
1154,Cierre,2020-08-10 16:43:20
1155,Apertura,2018-03-20 09:06:49
1156,Cierre,2018-03-07 03:04:33
1157,Apertura,2018-05-07 21:23:48
1158,Cierre,2018-05-01 07:58:40
1159,Apertura,2016-05-26 03:03:10
1160,Cierre,2016-05-11 15:26:43
1161,Apertura,2018-11-08 17:50:07
1162,Cierre,2018-10-31 01:21:54
1163,Apertura,2019-03-17 22:25:37
1164,Cierre,2019-03-12 21:19:12
1165,Apertura,2016-01-21 02:47:03
1166,Cierre,2016-01-14 11:44:56
1167,Apertura,2013-05-10 20:11:26
1168,Cierre,2013-04-30 06:43:16
1169,Apertura,2017-01-26 23:35:03
1170,Cierre,2017-01-14 13:27:28
1171,Apertura,2014-09-15 04:44:26
1172,Cierre,2014-09-10 14:29:48
1173,Apertura,2013-03-07 06:15:02
1174,Cierre,2013-02-22 05:41:25
1175,Apertura,2011-05-10 12:50:28
1176,Cierre,2011-05-02 12:23:42
1177,Apertura,2017-12-01 10:22:06
1178,Cierre,2017-11-26 19:11:31
1179,Apertura,2011-08-09 07:34:00
1180,Cierre,2011-08-05 07:27:58
1181,Apertura,2013-09-12 14:18:22
1182,Cierre,2013-09-05 21:43:52
1183,Apertura,2015-08-12 19:57:06
1184,Cierre,2015-08-06 07:45:15
1185,Apertura,2011-06-15 18:52:13
1186,Cierre,2011-06-01 16:42:14
1187,Apertura,2011-04-19 08:33:02
1188,Cierre,2011-04-09 02:06:42
1189,Apertura,2018-06-15 05:25:27
1190,Cierre,2018-06-09 14:00:43
1191,Apertura,2010-04-28 12:43:04
1192,Cierre,2010-04-18 03:22:05
1193,Apertura,2012-08-21 18:20:47
1194,Cierre,2012-08-15 11:03:40
1195,Apertura,2014-12-20 07:20:53
1196,Cierre,2014-12-17 03:57:36
1197,Apertura,2017-03-25 23:46:29
1198,Cierre,2017-03-14 21:47:05
1199,Apertura,2013-10-18 11:24:18
1200,Cierre,2013-10-04 02:37:44
1201,Apertura,2011-07-25 09:25:43
1202,Cierre,2011-07-11 02:27:53
1203,Apertura,2018-12-27 13:29:54
1204,Cierre,2018-12-24 03:20:26
1205,Apertura,2016-09-16 05:53:12
1206,Cierre,2016-09-02 04:47:05
1207,Apertura,2018-02-28 02:20:53
1208,Cierre,2018-02-22 17:39:02
1209,Apertura,2020-03-07 06:44:11
1210,Cierre,2020-02-23 23:41:55
1211,Apertura,2017-07-05 16:01:27
1212,Cierre,2017-06-29 15:56:36
1213,Apertura,2019-07-11 09:25:00
1214,Cierre,2019-06-28 22:46:41
1215,Apertura,2012-03-14 10:04:43
1216,Cierre,2012-03-10 20:15:40
1217,Apertura,2020-09-20 00:13:02
1218,Cierre,2020-09-05 12:13:39
1219,Apertura,2016-08-17 06:36:04
1220,Cierre,2016-08-05 18:50:47
1221,Apertura,2016-01-30 12:35:42
1222,Cierre,2016-01-26 23:36:11
1223,Apertura,2017-03-26 21:37:45
1224,Cierre,2017-03-22 09:12:10
1225,Apertura,2011-02-09 01:58:02
1226,Cierre,2011-01-31 20:22:55
1227,Apertura,2017-02-21 11:15:09
1228,Cierre,2017-02-14 03:42:24
1229,Apertura,2011-02-20 08:13:15
1230,Cierre,2011-02-07 18:55:40
1231,Apertura,2013-05-24 21:30:21
1232,Cierre,2013-05-18 08:16:35
1233,Apertura,2014-09-05 00:20:09
1234,Cierre,2014-08-24 17:29:23
1235,Apertura,2015-12-25 07:50:19
1236,Cierre,2015-12-18 18:24:53
1237,Apertura,2017-08-28 03:29:50
1238,Cierre,2017-08-25 03:16:03
1239,Apertura,2011-08-31 19:45:57
1240,Cierre,2011-08-26 16:40:54
1241,Apertura,2016-05-04 01:56:32
1242,Cierre,2016-04-28 10:18:55
1243,Apertura,2010-10-06 23:02:14
1244,Cierre,2010-09-27 21:48:09
1245,Apertura,2012-01-20 17:35:02
1246,Cierre,2012-01-12 04:16:30
1247,Apertura,2016-09-09 20:08:54
1248,Cierre,2016-09-04 15:05:37
1249,Apertura,2019-11-28 14:52:03
1250,Cierre,2019-11-23 04:38:33
1251,Apertura,2013-08-04 17:23:19
1252,Cierre,2013-08-01 17:14:23
1253,Apertura,2019-06-06 04:08:07
1254,Cierre,2019-05-26 22:50:20
1255,Apertura,2018-04-14 17:13:29
1256,Cierre,2018-04-05 10:59:19
1257,Apertura,2020-04-18 13:28:43
1258,Cierre,2020-04-04 09:03:33
1259,Apertura,2020-05-27 22:54:33
1260,Cierre,2020-05-19 15:31:44
1261,Apertura,2014-07-04 04:00:42
1262,Cierre,2014-06-26 14:42:34
1263,Apertura,2019-11-26 22:15:47
1264,Cierre,2019-11-13 21:46:44
1265,Apertura,2019-02-09 14:55:13
1266,Cierre,2019-01-31 13:45:10
1267,Apertura,2016-10-19 20:20:20
1268,Cierre,2016-10-05 10:28:54
1269,Apertura,2016-08-02 16:26:12
1270,Cierre,2016-07-25 00:24:39
1271,Apertura,2015-10-17 05:11:31
1272,Cierre,2015-10-10 23:17:32
1273,Apertura,2018-08-01 08:12:32
1274,Cierre,2018-07-20 05:45:54
1275,Apertura,2019-11-23 00:10:20
1276,Cierre,2019-11-14 08:14:45
1277,Apertura,2019-01-02 09:59:59
1278,Cierre,2018-12-24 04:58:05
1279,Apertura,2020-06-13 11:31:54
1280,Cierre,2020-06-05 19:01:31
1281,Apertura,2017-06-27 04:33:35
1282,Cierre,2017-06-15 02:32:57
1283,Apertura,2015-05-23 22:58:46
1284,Cierre,2015-05-17 14:46:06
1285,Apertura,2018-08-06 18:41:03
1286,Cierre,2018-08-01 07:14:42
1287,Apertura,2014-10-01 21:02:59
1288,Cierre,2014-09-19 16:41:40
1289,Apertura,2014-12-11 17:35:24
1290,Cierre,2014-12-01 08:53:16
1291,Apertura,2012-07-17 01:43:27
1292,Cierre,2012-07-06 01:35:09
1293,Apertura,2015-11-10 13:14:52
1294,Cierre,2015-11-06 04:51:38
1295,Apertura,2018-10-16 16:03:44
1296,Cierre,2018-10-08 09:47:46
1297,Apertura,2018-03-29 13:23:05
1298,Cierre,2018-03-17 12:43:52
1299,Apertura,2018-07-22 18:38:44
1300,Cierre,2018-07-09 05:12:53
1301,Apertura,2019-12-19 02:38:24
1302,Cierre,2019-12-07 16:40:59
1303,Apertura,2015-11-29 07:15:58
1304,Cierre,2015-11-23 21:00:09
1305,Apertura,2010-05-21 13:11:37
1306,Cierre,2010-05-13 06:54:39
1307,Apertura,2011-02-26 14:21:07
1308,Cierre,2011-02-23 03:02:22
1309,Apertura,2011-09-26 04:58:51
1310,Cierre,2011-09-20 00:24:05
1311,Apertura,2018-07-07 06:24:56
1312,Cierre,2018-06-28 05:22:57
1313,Apertura,2014-07-07 21:08:16
1314,Cierre,2014-06-26 10:06:02
1315,Apertura,2011-12-15 04:54:39
1316,Cierre,2011-12-06 12:32:45
1317,Apertura,2019-08-22 02:30:31
1318,Cierre,2019-08-16 16:50:11
1319,Apertura,2014-08-22 05:22:36
1320,Cierre,2014-08-08 20:23:36
1321,Apertura,2018-01-01 07:57:02
1322,Cierre,2017-12-26 00:36:00
1323,Apertura,2018-07-25 19:43:07
1324,Cierre,2018-07-18 14:15:56
1325,Apertura,2010-02-05 05:26:47
1326,Cierre,2010-01-29 22:52:04
1327,Apertura,2016-09-11 15:45:00
1328,Cierre,2016-09-02 06:25:32
1329,Apertura,2014-12-09 14:50:29
1330,Cierre,2014-11-27 02:52:55
1331,Apertura,2015-10-11 12:59:02
1332,Cierre,2015-10-04 11:25:25
1333,Apertura,2010-12-10 10:32:38
1334,Cierre,2010-11-28 01:50:58
1335,Apertura,2018-12-06 05:07:03
1336,Cierre,2018-11-30 21:24:54
1337,Apertura,2012-07-23 12:54:37
1338,Cierre,2012-07-18 04:30:04
1339,Apertura,2011-02-14 10:24:43
1340,Cierre,2011-02-09 01:43:59
1341,Apertura,2017-11-24 04:06:03
1342,Cierre,2017-11-09 13:21:08
1343,Apertura,2013-08-05 23:13:09
1344,Cierre,2013-07-25 15:35:39
1345,Apertura,2012-08-28 02:25:14
1346,Cierre,2012-08-20 17:03:40
1347,Apertura,2013-12-09 09:25:44
1348,Cierre,2013-11-26 02:03:40
1349,Apertura,2012-04-21 23:58:12
1350,Cierre,2012-04-14 21:06:00
1351,Apertura,2016-01-10 16:50:59
1352,Cierre,2016-01-06 11:20:23
1353,Apertura,2019-04-04 11:36:30
1354,Cierre,2019-03-21 07:18:59
1355,Apertura,2013-12-27 10:47:57
1356,Cierre,2013-12-24 04:43:50
1357,Apertura,2015-08-14 05:06:40
1358,Cierre,2015-08-06 19:49:14
1359,Apertura,2016-01-10 09:44:22
1360,Cierre,2015-12-27 05:43:37
1361,Apertura,2014-06-11 20:41:27
1362,Cierre,2014-05-28 16:12:42
1363,Apertura,2016-08-31 02:19:35
1364,Cierre,2016-08-23 16:36:13
1365,Apertura,2011-05-30 01:42:21
1366,Cierre,2011-05-23 20:15:34
1367,Apertura,2011-02-07 08:20:17
1368,Cierre,2011-01-30 21:28:28
1369,Apertura,2015-04-01 20:29:42
1370,Cierre,2015-03-19 04:32:35
1371,Apertura,2013-02-20 07:35:11
1372,Cierre,2013-02-12 03:19:00
1373,Apertura,2020-08-26 11:25:38
1374,Cierre,2020-08-20 09:17:13
1375,Apertura,2020-03-24 23:06:22
1376,Cierre,2020-03-10 09:14:52
1377,Apertura,2011-09-12 01:09:53
1378,Cierre,2011-09-05 16:18:37
1379,Apertura,2020-05-12 05:17:49
1380,Cierre,2020-05-04 17:20:31
1381,Apertura,2016-01-16 03:52:43
1382,Cierre,2016-01-05 22:13:23
1383,Apertura,2012-04-16 22:59:49
1384,Cierre,2012-04-02 13:53:01
1385,Apertura,2015-04-11 20:49:09
1386,Cierre,2015-04-07 09:18:40
1387,Apertura,2011-02-17 01:05:39
1388,Cierre,2011-02-13 21:06:15
1389,Apertura,2017-01-16 02:10:00
1390,Cierre,2017-01-05 16:49:05
1391,Apertura,2015-09-13 04:49:35
1392,Cierre,2015-09-05 23:39:37
1393,Apertura,2014-08-07 08:24:06
1394,Cierre,2014-08-03 01:30:40
1395,Apertura,2018-11-28 22:48:31
1396,Cierre,2018-11-19 16:24:38
1397,Apertura,2015-09-05 15:01:26
1398,Cierre,2015-08-30 03:43:43
1399,Apertura,2015-12-13 00:47:07
1400,Cierre,2015-12-04 16:58:32
1401,Apertura,2017-03-05 09:11:23
1402,Cierre,2017-02-24 22:26:36
1403,Apertura,2016-10-03 22:55:00
1404,Cierre,2016-09-27 16:28:44
1405,Apertura,2019-04-11 05:37:18
1406,Cierre,2019-03-30 01:52:50
1407,Apertura,2017-08-11 02:40:47
1408,Cierre,2017-07-30 11:30:06
1409,Apertura,2020-06-01 16:57:08
1410,Cierre,2020-05-24 05:47:46
1411,Apertura,2010-06-15 07:18:36
1412,Cierre,2010-06-09 06:00:13
1413,Apertura,2018-05-31 11:56:26
1414,Cierre,2018-05-20 10:44:19
1415,Apertura,2010-08-13 21:56:24
1416,Cierre,2010-08-03 11:34:37
1417,Apertura,2019-03-17 11:51:39
1418,Cierre,2019-03-04 08:53:38
1419,Apertura,2013-10-21 12:41:54
1420,Cierre,2013-10-11 04:15:05
1421,Apertura,2017-01-17 19:36:12
1422,Cierre,2017-01-11 04:42:02
1423,Apertura,2015-01-28 09:19:21
1424,Cierre,2015-01-22 02:02:30
1425,Apertura,2018-02-24 15:33:41
1426,Cierre,2018-02-21 04:18:56
1427,Apertura,2019-03-02 14:53:14
1428,Cierre,2019-02-25 05:21:24
1429,Apertura,2010-08-20 05:28:36
1430,Cierre,2010-08-05 23:46:53
1431,Apertura,2017-09-17 18:05:00
1432,Cierre,2017-09-11 12:10:16
1433,Apertura,2020-05-01 05:11:28
1434,Cierre,2020-04-18 20:34:41
1435,Apertura,2020-01-29 19:25:55
1436,Cierre,2020-01-22 13:04:51
1437,Apertura,2013-08-21 16:39:42
1438,Cierre,2013-08-12 09:55:57
1439,Apertura,2015-11-12 05:33:54
1440,Cierre,2015-11-03 02:32:33
1441,Apertura,2019-05-02 19:17:28
1442,Cierre,2019-04-18 15:49:17
1443,Apertura,2015-08-05 16:53:25
1444,Cierre,2015-07-29 16:35:16
1445,Apertura,2014-05-17 16:20:24
1446,Cierre,2014-05-08 05:39:58
1447,Apertura,2016-02-18 12:07:08
1448,Cierre,2016-02-11 01:01:24
1449,Apertura,2013-02-11 20:37:38
1450,Cierre,2013-02-06 17:46:01
1451,Apertura,2012-09-18 06:51:44
1452,Cierre,2012-09-05 23:24:13
1453,Apertura,2014-11-26 02:37:22
1454,Cierre,2014-11-14 22:02:40
1455,Apertura,2013-10-22 09:03:21
1456,Cierre,2013-10-12 16:42:57
1457,Apertura,2011-07-25 14:13:48
1458,Cierre,2011-07-13 22:37:33
1459,Apertura,2013-07-05 21:55:20
1460,Cierre,2013-06-29 16:40:38
1461,Apertura,2013-02-16 12:50:29
1462,Cierre,2013-02-04 09:31:24
1463,Apertura,2010-12-23 02:01:37
1464,Cierre,2010-12-17 22:42:27
1465,Apertura,2014-04-03 21:32:26
1466,Cierre,2014-03-31 18:07:03
1467,Apertura,2015-12-02 19:17:39
1468,Cierre,2015-11-24 03:05:13
1469,Apertura,2014-09-02 00:26:04
1470,Cierre,2014-08-26 16:27:22
1471,Apertura,2017-05-09 08:21:43
1472,Cierre,2017-04-28 21:24:54
1473,Apertura,2012-01-05 15:44:08
1474,Cierre,2011-12-29 06:38:21
1475,Apertura,2016-08-06 10:19:10
1476,Cierre,2016-08-03 09:53:45
1477,Apertura,2013-10-08 19:05:09
1478,Cierre,2013-09-28 17:35:28
1479,Apertura,2016-12-18 22:14:32
1480,Cierre,2016-12-12 11:14:57
1481,Apertura,2015-11-21 18:51:22
1482,Cierre,2015-11-12 09:54:02
1483,Apertura,2018-04-09 00:00:49
1484,Cierre,2018-03-28 10:55:31
1485,Apertura,2013-04-05 04:47:36
1486,Cierre,2013-03-29 16:00:44
1487,Apertura,2014-01-29 19:22:41
1488,Cierre,2014-01-24 06:36:08
1489,Apertura,2014-03-17 15:58:17
1490,Cierre,2014-03-14 08:49:56
1491,Apertura,2016-09-16 11:17:31
1492,Cierre,2016-09-03 09:39:59
1493,Apertura,2010-06-04 01:52:53
1494,Cierre,2010-05-20 12:24:07
1495,Apertura,2014-06-02 00:15:25
1496,Cierre,2014-05-26 15:25:43
1497,Apertura,2016-11-06 17:48:26
1498,Cierre,2016-10-23 03:13:00
1499,Apertura,2017-04-13 11:36:33
1500,Cierre,2017-03-30 05:28:39
1501,Apertura,2013-05-12 18:49:58
1502,Cierre,2013-05-01 06:39:42
1503,Apertura,2018-01-26 12:55:42
1504,Cierre,2018-01-20 23:12:15
1505,Apertura,2013-12-13 01:29:21
1506,Cierre,2013-11-30 19:45:16
1507,Apertura,2011-12-24 09:13:55
1508,Cierre,2011-12-15 03:12:51
1509,Apertura,2013-02-10 01:46:10
1510,Cierre,2013-02-05 17:39:25
1511,Apertura,2019-10-14 07:18:40
1512,Cierre,2019-10-10 16:51:31
1513,Apertura,2016-11-29 08:27:37
1514,Cierre,2016-11-19 02:14:00
1515,Apertura,2014-01-09 14:47:39
1516,Cierre,2013-12-27 22:58:02
1517,Apertura,2018-03-03 13:00:16
1518,Cierre,2018-02-19 05:42:24
1519,Apertura,2012-09-23 05:08:10
1520,Cierre,2012-09-10 15:01:21
1521,Apertura,2011-07-01 01:44:28
1522,Cierre,2011-06-19 09:33:21
1523,Apertura,2010-02-06 15:54:08
1524,Cierre,2010-01-29 05:59:51
1525,Apertura,2010-04-15 22:21:02
1526,Cierre,2010-04-06 07:49:17
1527,Apertura,2013-05-11 08:23:51
1528,Cierre,2013-05-02 04:30:56
1529,Apertura,2011-12-10 09:36:16
1530,Cierre,2011-12-02 18:57:07
1531,Apertura,2019-08-19 21:34:21
1532,Cierre,2019-08-13 14:58:41
1533,Apertura,2017-10-08 04:23:09
1534,Cierre,2017-09-30 11:55:14
1535,Apertura,2012-03-26 12:55:57
1536,Cierre,2012-03-15 10:26:10
1537,Apertura,2014-11-04 07:47:17
1538,Cierre,2014-10-21 00:34:57
1539,Apertura,2010-05-23 21:54:54
1540,Cierre,2010-05-18 05:59:08
1541,Apertura,2013-01-21 02:05:29
1542,Cierre,2013-01-07 09:45:13
1543,Apertura,2017-03-12 03:01:57
1544,Cierre,2017-03-04 01:20:25
1545,Apertura,2011-07-10 22:20:20
1546,Cierre,2011-07-07 22:03:41
1547,Apertura,2011-09-09 01:13:52
1548,Cierre,2011-08-30 18:12:08
1549,Apertura,2018-04-28 15:29:33
1550,Cierre,2018-04-14 06:31:50
1551,Apertura,2010-02-22 06:20:11
1552,Cierre,2010-02-17 17:07:24
1553,Apertura,2013-11-18 01:03:08
1554,Cierre,2013-11-11 23:18:14
1555,Apertura,2018-04-15 21:04:47
1556,Cierre,2018-04-04 15:01:45
1557,Apertura,2017-03-22 20:24:06
1558,Cierre,2017-03-18 11:41:17
1559,Apertura,2019-09-11 22:02:54
1560,Cierre,2019-09-08 12:19:56
1561,Apertura,2015-06-07 03:04:35
1562,Cierre,2015-05-27 12:28:21
1563,Apertura,2016-07-03 22:01:58
1564,Cierre,2016-06-27 11:28:07
1565,Apertura,2020-01-26 12:09:31
1566,Cierre,2020-01-20 04:42:32
1567,Apertura,2012-07-16 16:02:10
1568,Cierre,2012-07-07 02:13:35
1569,Apertura,2011-08-16 04:17:18
1570,Cierre,2011-08-12 16:33:49
1571,Apertura,2013-12-05 04:11:58
1572,Cierre,2013-11-25 14:57:49
1573,Apertura,2019-03-28 04:08:00
1574,Cierre,2019-03-14 17:41:03
1575,Apertura,2017-04-05 12:18:46
1576,Cierre,2017-03-22 03:24:07
1577,Apertura,2011-02-05 14:30:31
1578,Cierre,2011-01-25 06:21:52
1579,Apertura,2017-07-06 20:27:14
1580,Cierre,2017-06-28 09:27:57
1581,Apertura,2020-07-21 02:08:32
1582,Cierre,2020-07-10 12:44:33
1583,Apertura,2010-12-20 08:03:26
1584,Cierre,2010-12-09 02:06:38
1585,Apertura,2011-04-09 13:41:19
1586,Cierre,2011-03-30 09:04:22
1587,Apertura,2011-07-23 13:08:20
1588,Cierre,2011-07-20 07:56:09
1589,Apertura,2013-11-16 04:10:02
1590,Cierre,2013-11-11 21:37:20
1591,Apertura,2014-08-27 12:52:45
1592,Cierre,2014-08-21 02:33:19
1593,Apertura,2016-06-16 18:49:58
1594,Cierre,2016-06-11 14:42:38
1595,Apertura,2018-10-22 09:23:10
1596,Cierre,2018-10-19 05:32:48
1597,Apertura,2010-02-03 10:33:52
1598,Cierre,2010-01-19 20:43:52
1599,Apertura,2011-02-02 05:16:51
1600,Cierre,2011-01-24 23:18:26
1601,Apertura,2018-06-25 20:50:21
1602,Cierre,2018-06-19 05:14:58
1603,Apertura,2014-02-14 03:31:28
1604,Cierre,2014-02-01 23:35:49
1605,Apertura,2012-07-27 00:31:51
1606,Cierre,2012-07-21 16:07:38
1607,Apertura,2010-05-25 11:16:36
1608,Cierre,2010-05-15 02:41:35
1609,Apertura,2015-06-18 06:39:21
1610,Cierre,2015-06-06 23:04:11
1611,Apertura,2010-09-24 15:33:46
1612,Cierre,2010-09-15 05:17:07
1613,Apertura,2013-02-03 11:32:55
1614,Cierre,2013-01-28 01:53:10
1615,Apertura,2015-05-26 02:03:44
1616,Cierre,2015-05-14 21:50:06
1617,Apertura,2016-11-20 16:21:11
1618,Cierre,2016-11-06 04:54:38
1619,Apertura,2016-07-02 06:14:30
1620,Cierre,2016-06-22 21:58:50
1621,Apertura,2018-10-25 00:06:15
1622,Cierre,2018-10-18 16:11:41
1623,Apertura,2015-08-13 19:08:29
1624,Cierre,2015-08-01 11:28:55
1625,Apertura,2013-04-19 08:00:56
1626,Cierre,2013-04-14 03:46:45
1627,Apertura,2013-05-13 02:06:54
1628,Cierre,2013-05-07 19:46:05
1629,Apertura,2011-02-15 15:08:32
1630,Cierre,2011-02-02 01:42:53
1631,Apertura,2014-11-01 08:58:27
1632,Cierre,2014-10-19 18:40:32
1633,Apertura,2015-03-03 15:04:07
1634,Cierre,2015-02-22 22:59:18
1635,Apertura,2012-07-04 08:28:01
1636,Cierre,2012-06-21 20:42:17
1637,Apertura,2012-02-10 22:00:44
1638,Cierre,2012-01-30 15:11:55
1639,Apertura,2012-06-18 17:45:13
1640,Cierre,2012-06-15 05:05:52
1641,Apertura,2017-06-03 23:40:58
1642,Cierre,2017-05-21 16:47:30
1643,Apertura,2012-08-07 06:21:28
1644,Cierre,2012-07-31 02:21:48
1645,Apertura,2019-04-10 22:04:44
1646,Cierre,2019-03-28 06:57:47
1647,Apertura,2010-01-17 03:55:58
1648,Cierre,2010-01-02 16:58:28
1649,Apertura,2014-04-16 01:00:49
1650,Cierre,2014-04-05 12:19:44
1651,Apertura,2016-01-03 10:02:59
1652,Cierre,2015-12-26 03:54:48
1653,Apertura,2015-06-23 01:10:49
1654,Cierre,2015-06-08 22:39:48
1655,Apertura,2020-04-29 23:44:00
1656,Cierre,2020-04-21 17:54:58
1657,Apertura,2017-11-29 12:11:52
1658,Cierre,2017-11-25 09:34:28
1659,Apertura,2012-05-31 03:13:25
1660,Cierre,2012-05-16 21:59:46
1661,Apertura,2018-11-03 15:17:18
1662,Cierre,2018-10-29 12:30:58
1663,Apertura,2017-08-01 02:57:41
1664,Cierre,2017-07-22 14:35:09
1665,Apertura,2014-05-24 03:19:42
1666,Cierre,2014-05-15 13:09:57
1667,Apertura,2011-02-13 19:32:41
1668,Cierre,2011-02-08 16:17:18
1669,Apertura,2018-01-04 16:25:46
1670,Cierre,2017-12-26 11:08:41
1671,Apertura,2017-05-05 14:46:52
1672,Cierre,2017-04-22 04:34:38
1673,Apertura,2018-07-16 09:35:06
1674,Cierre,2018-07-03 21:43:26
1675,Apertura,2020-03-06 19:31:22
1676,Cierre,2020-02-23 06:12:39
1677,Apertura,2013-01-20 16:59:01
1678,Cierre,2013-01-14 05:47:27
1679,Apertura,2018-06-04 18:42:23
1680,Cierre,2018-05-31 06:13:51
1681,Apertura,2012-07-02 22:38:23
1682,Cierre,2012-06-25 10:05:03
1683,Apertura,2020-07-24 14:54:06
1684,Cierre,2020-07-15 08:25:53
1685,Apertura,2014-06-21 13:00:55
1686,Cierre,2014-06-18 11:05:16
1687,Apertura,2020-09-09 14:26:14
1688,Cierre,2020-09-01 00:24:55
1689,Apertura,2011-01-26 15:13:17
1690,Cierre,2011-01-20 14:29:52
1691,Apertura,2019-05-03 20:43:31
1692,Cierre,2019-04-20 05:34:53
1693,Apertura,2014-09-03 06:03:23
1694,Cierre,2014-08-20 18:41:06
1695,Apertura,2010-12-18 05:12:06
1696,Cierre,2010-12-13 14:04:26
1697,Apertura,2017-05-02 04:49:33
1698,Cierre,2017-04-23 22:21:43
1699,Apertura,2011-08-22 15:46:04
1700,Cierre,2011-08-19 03:13:29
1701,Apertura,2014-10-24 10:27:21
1702,Cierre,2014-10-18 07:08:55
1703,Apertura,2010-04-04 04:35:11
1704,Cierre,2010-03-21 00:38:33
1705,Apertura,2012-05-17 01:33:49
1706,Cierre,2012-05-07 14:22:31
1707,Apertura,2017-02-12 17:09:45
1708,Cierre,2017-02-05 08:57:19
1709,Apertura,2017-06-10 20:19:01
1710,Cierre,2017-06-01 11:47:47
1711,Apertura,2013-11-13 07:21:26
1712,Cierre,2013-11-02 19:20:46
1713,Apertura,2012-01-09 16:57:02
1714,Cierre,2011-12-27 00:26:02
1715,Apertura,2010-08-03 05:40:41
1716,Cierre,2010-07-28 02:07:21
1717,Apertura,2016-05-14 09:11:21
1718,Cierre,2016-05-05 20:33:35
1719,Apertura,2010-11-04 13:49:15
1720,Cierre,2010-10-31 11:13:35
1721,Apertura,2020-01-23 03:18:33
1722,Cierre,2020-01-14 22:17:48
1723,Apertura,2019-12-20 22:22:29
1724,Cierre,2019-12-09 12:58:40
1725,Apertura,2017-12-15 06:14:15
1726,Cierre,2017-12-03 02:17:42
1727,Apertura,2012-08-28 03:55:28
1728,Cierre,2012-08-16 20:35:06
1729,Apertura,2019-11-27 10:56:54
1730,Cierre,2019-11-22 00:56:09
1731,Apertura,2010-06-20 07:36:48
1732,Cierre,2010-06-08 03:32:37
1733,Apertura,2018-11-06 08:09:58
1734,Cierre,2018-10-23 15:32:38
1735,Apertura,2011-04-13 20:55:50
1736,Cierre,2011-04-03 11:30:19
1737,Apertura,2014-04-30 15:43:32
1738,Cierre,2014-04-26 04:17:37
1739,Apertura,2011-04-18 10:18:27
1740,Cierre,2011-04-07 03:07:09
1741,Apertura,2020-01-09 08:35:14
1742,Cierre,2019-12-27 05:19:38
1743,Apertura,2010-03-01 02:49:22
1744,Cierre,2010-02-24 02:12:15
1745,Apertura,2015-03-11 06:37:32
1746,Cierre,2015-02-28 14:19:58
1747,Apertura,2015-07-16 08:37:35
1748,Cierre,2015-07-04 21:34:00
1749,Apertura,2013-08-09 10:51:49
1750,Cierre,2013-07-31 10:44:42
1751,Apertura,2019-12-20 22:22:29
1752,Cierre,2019-12-09 12:58:40
